<?xml version="1.0" encoding="UTF-8"?>
<ListRecommendationsByNextTokenResponse xmlns="https://mws.amazonservices.com/Recommendations/2013-04-01">
   <ListRecommendationsByNextTokenResult>
        <InventoryRecommendations>
            <member>
                <LastUpdated>1969-07-21T02:56:03Z</LastUpdated>
                <ItemIdentifier>
                    <Asin>String</Asin>
                    <Sku>String</Sku>
                    <Upc>String</Upc>
                </ItemIdentifier>
                <ItemName>String</ItemName>
                <FulfillmentChannel>String</FulfillmentChannel>
                <SalesForTheLast14Days>1</SalesForTheLast14Days>
                <SalesForTheLast30Days>1</SalesForTheLast30Days>
                <AvailableQuantity>1</AvailableQuantity>
                <DaysUntilStockRunsOut>1</DaysUntilStockRunsOut>
                <InboundQuantity>1</InboundQuantity>
                <RecommendedInboundQuantity>1</RecommendedInboundQuantity>
                <DaysOutOfStockLast30Days>1</DaysOutOfStockLast30Days>
                <LostSalesInLast30Days>1</LostSalesInLast30Days>
                <RecommendationId>String</RecommendationId>
                <RecommendationReason>String</RecommendationReason>
            </member>
        </InventoryRecommendations>
        <SelectionRecommendations>
            <member>
                <LastUpdated>1969-07-21T02:56:03Z</LastUpdated>
                <ItemIdentifier>
                    <Asin>String</Asin>
                    <Sku>String</Sku>
                    <Upc>String</Upc>
                </ItemIdentifier>
                <ItemName>String</ItemName>
                <BrandName>String</BrandName>
                <ProductCategory>String</ProductCategory>
                <SalesRank>1</SalesRank>
                <BuyboxPrice>
                    <CurrencyCode>String</CurrencyCode>
                    <Amount>100</Amount>
                </BuyboxPrice>
                <NumberOfOffers>1</NumberOfOffers>
                <AverageCustomerReview>100</AverageCustomerReview>
                <NumberOfCustomerReviews>1</NumberOfCustomerReviews>
                <RecommendationId>String</RecommendationId>
                <RecommendationReason>String</RecommendationReason>
            </member>
        </SelectionRecommendations>
        <PricingRecommendations>
            <member>
                <LastUpdated>1969-07-21T02:56:03Z</LastUpdated>
                <ItemIdentifier>
                    <Asin>String</Asin>
                    <Sku>String</Sku>
                    <Upc>String</Upc>
                </ItemIdentifier>
                <ItemName>String</ItemName>
                <Condition>String</Condition>
                <SubCondition>String</SubCondition>
                <FulfillmentChannel>String</FulfillmentChannel>
                <YourPricePlusShipping>
                    <CurrencyCode>String</CurrencyCode>
                    <Amount>100</Amount>
                </YourPricePlusShipping>
                <LowestPricePlusShipping>
                    <CurrencyCode>String</CurrencyCode>
                    <Amount>100</Amount>
                </LowestPricePlusShipping>
                <PriceDifferenceToLowPrice>
                    <CurrencyCode>String</CurrencyCode>
                    <Amount>100</Amount>
                </PriceDifferenceToLowPrice>
                <MedianPricePlusShipping>
                    <CurrencyCode>String</CurrencyCode>
                    <Amount>100</Amount>
                </MedianPricePlusShipping>
                <LowestMerchantFulfilledOfferPrice>
                    <CurrencyCode>String</CurrencyCode>
                    <Amount>100</Amount>
                </LowestMerchantFulfilledOfferPrice>
                <LowestAmazonFulfilledOfferPrice>
                    <CurrencyCode>String</CurrencyCode>
                    <Amount>100</Amount>
                </LowestAmazonFulfilledOfferPrice>
                <NumberOfOffers>1</NumberOfOffers>
                <NumberOfMerchantFulfilledOffers>1</NumberOfMerchantFulfilledOffers>
                <NumberOfAmazonFulfilledOffers>1</NumberOfAmazonFulfilledOffers>
                <RecommendationId>String</RecommendationId>
                <RecommendationReason>String</RecommendationReason>
            </member>
        </PricingRecommendations>
        <FulfillmentRecommendations>
            <member>
                <LastUpdated>1969-07-21T02:56:03Z</LastUpdated>
                <ItemIdentifier>
                    <Asin>String</Asin>
                    <Sku>String</Sku>
                    <Upc>String</Upc>
                </ItemIdentifier>
                <ItemName>String</ItemName>
                <BrandName>String</BrandName>
                <ProductCategory>String</ProductCategory>
                <SalesRank>1</SalesRank>
                <BuyboxPrice>
                    <CurrencyCode>String</CurrencyCode>
                    <Amount>100</Amount>
                </BuyboxPrice>
                <NumberOfOffers>1</NumberOfOffers>
                <NumberOfOffersFulfilledByAmazon>1</NumberOfOffersFulfilledByAmazon>
                <AverageCustomerReview>100</AverageCustomerReview>
                <NumberOfCustomerReviews>1</NumberOfCustomerReviews>
                <ItemDimensions>
                    <Height>
                        <Value>100</Value>
                        <Unit>String</Unit>
                    </Height>
                    <Width>
                        <Value>100</Value>
                        <Unit>String</Unit>
                    </Width>
                    <Length>
                        <Value>100</Value>
                        <Unit>String</Unit>
                    </Length>
                    <Weight>
                        <Value>100</Value>
                        <Unit>String</Unit>
                    </Weight>
                </ItemDimensions>
                <RecommendationId>String</RecommendationId>
                <RecommendationReason>String</RecommendationReason>
            </member>
        </FulfillmentRecommendations>
        <ListingQualityRecommendations>
            <member>
                <QualitySet>String</QualitySet>
                <DefectGroup>String</DefectGroup>
                <DefectAttribute>String</DefectAttribute>
                <ItemIdentifier>
                    <Asin>String</Asin>
                    <Sku>String</Sku>
                    <Upc>String</Upc>
                </ItemIdentifier>
                <ItemName>String</ItemName>
                <RecommendationId>String</RecommendationId>
                <RecommendationReason>String</RecommendationReason>
            </member>
        </ListingQualityRecommendations>
        <GlobalSellingRecommendations>
            <member>
                <LastUpdated>1969-07-21T02:56:03Z</LastUpdated>
                <ItemIdentifier>
                    <Asin>String</Asin>
                    <Sku>String</Sku>
                    <Upc>String</Upc>
                </ItemIdentifier>
                <ItemName>String</ItemName>
                <BrandName>String</BrandName>
                <ProductCategory>String</ProductCategory>
                <SalesRank>1</SalesRank>
                <BuyboxPrice>
                    <CurrencyCode>String</CurrencyCode>
                    <Amount>100</Amount>
                </BuyboxPrice>
                <NumberOfOffers>1</NumberOfOffers>
                <NumberOfOffersFulfilledByAmazon>1</NumberOfOffersFulfilledByAmazon>
                <AverageCustomerReview>100</AverageCustomerReview>
                <NumberOfCustomerReviews>1</NumberOfCustomerReviews>
                <ItemDimensions>
                    <Height>
                        <Value>100</Value>
                        <Unit>String</Unit>
                    </Height>
                    <Width>
                        <Value>100</Value>
                        <Unit>String</Unit>
                    </Width>
                    <Length>
                        <Value>100</Value>
                        <Unit>String</Unit>
                    </Length>
                    <Weight>
                        <Value>100</Value>
                        <Unit>String</Unit>
                    </Weight>
                </ItemDimensions>
                <RecommendationId>String</RecommendationId>
                <RecommendationReason>String</RecommendationReason>
            </member>
        </GlobalSellingRecommendations>
        <AdvertisingRecommendations>
            <member>
                <LastUpdated>1969-07-21T02:56:03Z</LastUpdated>
                <ItemIdentifier>
                    <Asin>String</Asin>
                    <Sku>String</Sku>
                    <Upc>String</Upc>
                </ItemIdentifier>
                <ItemName>String</ItemName>
                <BrandName>String</BrandName>
                <ProductCategory>String</ProductCategory>
                <SalesRank>1</SalesRank>
                <YourPricePlusShipping>
                    <CurrencyCode>String</CurrencyCode>
                    <Amount>100</Amount>
                </YourPricePlusShipping>
                <LowestPricePlusShipping>
                    <CurrencyCode>String</CurrencyCode>
                    <Amount>100</Amount>
                </LowestPricePlusShipping>
                <AvailableQuantity>1</AvailableQuantity>
                <SalesForTheLast30Days>1</SalesForTheLast30Days>
                <RecommendationId>String</RecommendationId>
                <RecommendationReason>String</RecommendationReason>
            </member>
        </AdvertisingRecommendations>
        <NextToken>String</NextToken>
    </ListRecommendationsByNextTokenResult>
   <ResponseMetadata>
        <RequestId>String</RequestId>
    </ResponseMetadata>
</ListRecommendationsByNextTokenResponse>
