<?xml version="1.0" encoding="UTF-8"?>
<ListFinancialEventsByNextTokenResponse xmlns="http://mws.amazonservices.com/Finances/2015-05-01">
   <ListFinancialEventsByNextTokenResult>
        <NextToken>String</NextToken>
        <FinancialEvents>
            <ShipmentEventList>
                <ShipmentEvent>
                    <AmazonOrderId>String</AmazonOrderId>
                    <SellerOrderId>String</SellerOrderId>
                    <MarketplaceName>String</MarketplaceName>
                    <OrderChargeList>
                        <ChargeComponent>
                        <ChargeType>String</ChargeType>
                        <ChargeAmount>
                        <CurrencyCode>String</CurrencyCode>
                        <CurrencyAmount>100</CurrencyAmount>
                        </ChargeAmount>
                        </ChargeComponent>
                    </OrderChargeList>
                    <OrderChargeAdjustmentList>
                        <ChargeComponent>
                        <ChargeType>String</ChargeType>
                        <ChargeAmount>
                        <CurrencyCode>String</CurrencyCode>
                        <CurrencyAmount>100</CurrencyAmount>
                        </ChargeAmount>
                        </ChargeComponent>
                    </OrderChargeAdjustmentList>
                    <ShipmentFeeList>
                        <FeeComponent>
                        <FeeType>String</FeeType>
                        <FeeAmount>
                        <CurrencyCode>String</CurrencyCode>
                        <CurrencyAmount>100</CurrencyAmount>
                        </FeeAmount>
                        </FeeComponent>
                    </ShipmentFeeList>
                    <ShipmentFeeAdjustmentList>
                        <FeeComponent>
                        <FeeType>String</FeeType>
                        <FeeAmount>
                        <CurrencyCode>String</CurrencyCode>
                        <CurrencyAmount>100</CurrencyAmount>
                        </FeeAmount>
                        </FeeComponent>
                    </ShipmentFeeAdjustmentList>
                    <OrderFeeList>
                        <FeeComponent>
                        <FeeType>String</FeeType>
                        <FeeAmount>
                        <CurrencyCode>String</CurrencyCode>
                        <CurrencyAmount>100</CurrencyAmount>
                        </FeeAmount>
                        </FeeComponent>
                    </OrderFeeList>
                    <OrderFeeAdjustmentList>
                        <FeeComponent>
                        <FeeType>String</FeeType>
                        <FeeAmount>
                        <CurrencyCode>String</CurrencyCode>
                        <CurrencyAmount>100</CurrencyAmount>
                        </FeeAmount>
                        </FeeComponent>
                    </OrderFeeAdjustmentList>
                    <DirectPaymentList>
                        <DirectPayment>
                        <DirectPaymentType>String</DirectPaymentType>
                        <DirectPaymentAmount>
                        <CurrencyCode>String</CurrencyCode>
                        <CurrencyAmount>100</CurrencyAmount>
                        </DirectPaymentAmount>
                        </DirectPayment>
                    </DirectPaymentList>
                    <PostedDate>1969-07-21T02:56:03Z</PostedDate>
                    <ShipmentItemList>
                        <ShipmentItem>
                        <SellerSKU>String</SellerSKU>
                        <OrderItemId>String</OrderItemId>
                        <OrderAdjustmentItemId>String</OrderAdjustmentItemId>
                        <QuantityShipped>1</QuantityShipped>
                        <ItemChargeList>
                        <ChargeComponent>
                        <ChargeType>String</ChargeType>
                        <ChargeAmount>
                        <CurrencyCode>String</CurrencyCode>
                        <CurrencyAmount>100</CurrencyAmount>
                        </ChargeAmount>
                        </ChargeComponent>
                        </ItemChargeList>
                        <ItemChargeAdjustmentList>
                        <ChargeComponent>
                        <ChargeType>String</ChargeType>
                        <ChargeAmount>
                        <CurrencyCode>String</CurrencyCode>
                        <CurrencyAmount>100</CurrencyAmount>
                        </ChargeAmount>
                        </ChargeComponent>
                        </ItemChargeAdjustmentList>
                        <ItemFeeList>
                        <FeeComponent>
                        <FeeType>String</FeeType>
                        <FeeAmount>
                        <CurrencyCode>String</CurrencyCode>
                        <CurrencyAmount>100</CurrencyAmount>
                        </FeeAmount>
                        </FeeComponent>
                        </ItemFeeList>
                        <ItemFeeAdjustmentList>
                        <FeeComponent>
                        <FeeType>String</FeeType>
                        <FeeAmount>
                        <CurrencyCode>String</CurrencyCode>
                        <CurrencyAmount>100</CurrencyAmount>
                        </FeeAmount>
                        </FeeComponent>
                        </ItemFeeAdjustmentList>
                        <PromotionList>
                        <Promotion>
                        <PromotionType>String</PromotionType>
                        <PromotionId>String</PromotionId>
                        <PromotionAmount>
                        <CurrencyCode>String</CurrencyCode>
                        <CurrencyAmount>100</CurrencyAmount>
                        </PromotionAmount>
                        </Promotion>
                        </PromotionList>
                        <PromotionAdjustmentList>
                        <Promotion>
                        <PromotionType>String</PromotionType>
                        <PromotionId>String</PromotionId>
                        <PromotionAmount>
                        <CurrencyCode>String</CurrencyCode>
                        <CurrencyAmount>100</CurrencyAmount>
                        </PromotionAmount>
                        </Promotion>
                        </PromotionAdjustmentList>
                        <CostOfPointsGranted>
                        <CurrencyCode>String</CurrencyCode>
                        <CurrencyAmount>100</CurrencyAmount>
                        </CostOfPointsGranted>
                        <CostOfPointsReturned>
                        <CurrencyCode>String</CurrencyCode>
                        <CurrencyAmount>100</CurrencyAmount>
                        </CostOfPointsReturned>
                        </ShipmentItem>
                    </ShipmentItemList>
                    <ShipmentItemAdjustmentList>
                        <ShipmentItem>
                        <SellerSKU>String</SellerSKU>
                        <OrderItemId>String</OrderItemId>
                        <OrderAdjustmentItemId>String</OrderAdjustmentItemId>
                        <QuantityShipped>1</QuantityShipped>
                        <ItemChargeList>
                        <ChargeComponent>
                        <ChargeType>String</ChargeType>
                        <ChargeAmount>
                        <CurrencyCode>String</CurrencyCode>
                        <CurrencyAmount>100</CurrencyAmount>
                        </ChargeAmount>
                        </ChargeComponent>
                        </ItemChargeList>
                        <ItemChargeAdjustmentList>
                        <ChargeComponent>
                        <ChargeType>String</ChargeType>
                        <ChargeAmount>
                        <CurrencyCode>String</CurrencyCode>
                        <CurrencyAmount>100</CurrencyAmount>
                        </ChargeAmount>
                        </ChargeComponent>
                        </ItemChargeAdjustmentList>
                        <ItemFeeList>
                        <FeeComponent>
                        <FeeType>String</FeeType>
                        <FeeAmount>
                        <CurrencyCode>String</CurrencyCode>
                        <CurrencyAmount>100</CurrencyAmount>
                        </FeeAmount>
                        </FeeComponent>
                        </ItemFeeList>
                        <ItemFeeAdjustmentList>
                        <FeeComponent>
                        <FeeType>String</FeeType>
                        <FeeAmount>
                        <CurrencyCode>String</CurrencyCode>
                        <CurrencyAmount>100</CurrencyAmount>
                        </FeeAmount>
                        </FeeComponent>
                        </ItemFeeAdjustmentList>
                        <PromotionList>
                        <Promotion>
                        <PromotionType>String</PromotionType>
                        <PromotionId>String</PromotionId>
                        <PromotionAmount>
                        <CurrencyCode>String</CurrencyCode>
                        <CurrencyAmount>100</CurrencyAmount>
                        </PromotionAmount>
                        </Promotion>
                        </PromotionList>
                        <PromotionAdjustmentList>
                        <Promotion>
                        <PromotionType>String</PromotionType>
                        <PromotionId>String</PromotionId>
                        <PromotionAmount>
                        <CurrencyCode>String</CurrencyCode>
                        <CurrencyAmount>100</CurrencyAmount>
                        </PromotionAmount>
                        </Promotion>
                        </PromotionAdjustmentList>
                        <CostOfPointsGranted>
                        <CurrencyCode>String</CurrencyCode>
                        <CurrencyAmount>100</CurrencyAmount>
                        </CostOfPointsGranted>
                        <CostOfPointsReturned>
                        <CurrencyCode>String</CurrencyCode>
                        <CurrencyAmount>100</CurrencyAmount>
                        </CostOfPointsReturned>
                        </ShipmentItem>
                    </ShipmentItemAdjustmentList>
                </ShipmentEvent>
            </ShipmentEventList>
            <RefundEventList>
                <ShipmentEvent>
                    <AmazonOrderId>String</AmazonOrderId>
                    <SellerOrderId>String</SellerOrderId>
                    <MarketplaceName>String</MarketplaceName>
                    <OrderChargeList>
                        <ChargeComponent>
                        <ChargeType>String</ChargeType>
                        <ChargeAmount>
                        <CurrencyCode>String</CurrencyCode>
                        <CurrencyAmount>100</CurrencyAmount>
                        </ChargeAmount>
                        </ChargeComponent>
                    </OrderChargeList>
                    <OrderChargeAdjustmentList>
                        <ChargeComponent>
                        <ChargeType>String</ChargeType>
                        <ChargeAmount>
                        <CurrencyCode>String</CurrencyCode>
                        <CurrencyAmount>100</CurrencyAmount>
                        </ChargeAmount>
                        </ChargeComponent>
                    </OrderChargeAdjustmentList>
                    <ShipmentFeeList>
                        <FeeComponent>
                        <FeeType>String</FeeType>
                        <FeeAmount>
                        <CurrencyCode>String</CurrencyCode>
                        <CurrencyAmount>100</CurrencyAmount>
                        </FeeAmount>
                        </FeeComponent>
                    </ShipmentFeeList>
                    <ShipmentFeeAdjustmentList>
                        <FeeComponent>
                        <FeeType>String</FeeType>
                        <FeeAmount>
                        <CurrencyCode>String</CurrencyCode>
                        <CurrencyAmount>100</CurrencyAmount>
                        </FeeAmount>
                        </FeeComponent>
                    </ShipmentFeeAdjustmentList>
                    <OrderFeeList>
                        <FeeComponent>
                        <FeeType>String</FeeType>
                        <FeeAmount>
                        <CurrencyCode>String</CurrencyCode>
                        <CurrencyAmount>100</CurrencyAmount>
                        </FeeAmount>
                        </FeeComponent>
                    </OrderFeeList>
                    <OrderFeeAdjustmentList>
                        <FeeComponent>
                        <FeeType>String</FeeType>
                        <FeeAmount>
                        <CurrencyCode>String</CurrencyCode>
                        <CurrencyAmount>100</CurrencyAmount>
                        </FeeAmount>
                        </FeeComponent>
                    </OrderFeeAdjustmentList>
                    <DirectPaymentList>
                        <DirectPayment>
                        <DirectPaymentType>String</DirectPaymentType>
                        <DirectPaymentAmount>
                        <CurrencyCode>String</CurrencyCode>
                        <CurrencyAmount>100</CurrencyAmount>
                        </DirectPaymentAmount>
                        </DirectPayment>
                    </DirectPaymentList>
                    <PostedDate>1969-07-21T02:56:03Z</PostedDate>
                    <ShipmentItemList>
                        <ShipmentItem>
                        <SellerSKU>String</SellerSKU>
                        <OrderItemId>String</OrderItemId>
                        <OrderAdjustmentItemId>String</OrderAdjustmentItemId>
                        <QuantityShipped>1</QuantityShipped>
                        <ItemChargeList>
                        <ChargeComponent>
                        <ChargeType>String</ChargeType>
                        <ChargeAmount>
                        <CurrencyCode>String</CurrencyCode>
                        <CurrencyAmount>100</CurrencyAmount>
                        </ChargeAmount>
                        </ChargeComponent>
                        </ItemChargeList>
                        <ItemChargeAdjustmentList>
                        <ChargeComponent>
                        <ChargeType>String</ChargeType>
                        <ChargeAmount>
                        <CurrencyCode>String</CurrencyCode>
                        <CurrencyAmount>100</CurrencyAmount>
                        </ChargeAmount>
                        </ChargeComponent>
                        </ItemChargeAdjustmentList>
                        <ItemFeeList>
                        <FeeComponent>
                        <FeeType>String</FeeType>
                        <FeeAmount>
                        <CurrencyCode>String</CurrencyCode>
                        <CurrencyAmount>100</CurrencyAmount>
                        </FeeAmount>
                        </FeeComponent>
                        </ItemFeeList>
                        <ItemFeeAdjustmentList>
                        <FeeComponent>
                        <FeeType>String</FeeType>
                        <FeeAmount>
                        <CurrencyCode>String</CurrencyCode>
                        <CurrencyAmount>100</CurrencyAmount>
                        </FeeAmount>
                        </FeeComponent>
                        </ItemFeeAdjustmentList>
                        <PromotionList>
                        <Promotion>
                        <PromotionType>String</PromotionType>
                        <PromotionId>String</PromotionId>
                        <PromotionAmount>
                        <CurrencyCode>String</CurrencyCode>
                        <CurrencyAmount>100</CurrencyAmount>
                        </PromotionAmount>
                        </Promotion>
                        </PromotionList>
                        <PromotionAdjustmentList>
                        <Promotion>
                        <PromotionType>String</PromotionType>
                        <PromotionId>String</PromotionId>
                        <PromotionAmount>
                        <CurrencyCode>String</CurrencyCode>
                        <CurrencyAmount>100</CurrencyAmount>
                        </PromotionAmount>
                        </Promotion>
                        </PromotionAdjustmentList>
                        <CostOfPointsGranted>
                        <CurrencyCode>String</CurrencyCode>
                        <CurrencyAmount>100</CurrencyAmount>
                        </CostOfPointsGranted>
                        <CostOfPointsReturned>
                        <CurrencyCode>String</CurrencyCode>
                        <CurrencyAmount>100</CurrencyAmount>
                        </CostOfPointsReturned>
                        </ShipmentItem>
                    </ShipmentItemList>
                    <ShipmentItemAdjustmentList>
                        <ShipmentItem>
                        <SellerSKU>String</SellerSKU>
                        <OrderItemId>String</OrderItemId>
                        <OrderAdjustmentItemId>String</OrderAdjustmentItemId>
                        <QuantityShipped>1</QuantityShipped>
                        <ItemChargeList>
                        <ChargeComponent>
                        <ChargeType>String</ChargeType>
                        <ChargeAmount>
                        <CurrencyCode>String</CurrencyCode>
                        <CurrencyAmount>100</CurrencyAmount>
                        </ChargeAmount>
                        </ChargeComponent>
                        </ItemChargeList>
                        <ItemChargeAdjustmentList>
                        <ChargeComponent>
                        <ChargeType>String</ChargeType>
                        <ChargeAmount>
                        <CurrencyCode>String</CurrencyCode>
                        <CurrencyAmount>100</CurrencyAmount>
                        </ChargeAmount>
                        </ChargeComponent>
                        </ItemChargeAdjustmentList>
                        <ItemFeeList>
                        <FeeComponent>
                        <FeeType>String</FeeType>
                        <FeeAmount>
                        <CurrencyCode>String</CurrencyCode>
                        <CurrencyAmount>100</CurrencyAmount>
                        </FeeAmount>
                        </FeeComponent>
                        </ItemFeeList>
                        <ItemFeeAdjustmentList>
                        <FeeComponent>
                        <FeeType>String</FeeType>
                        <FeeAmount>
                        <CurrencyCode>String</CurrencyCode>
                        <CurrencyAmount>100</CurrencyAmount>
                        </FeeAmount>
                        </FeeComponent>
                        </ItemFeeAdjustmentList>
                        <PromotionList>
                        <Promotion>
                        <PromotionType>String</PromotionType>
                        <PromotionId>String</PromotionId>
                        <PromotionAmount>
                        <CurrencyCode>String</CurrencyCode>
                        <CurrencyAmount>100</CurrencyAmount>
                        </PromotionAmount>
                        </Promotion>
                        </PromotionList>
                        <PromotionAdjustmentList>
                        <Promotion>
                        <PromotionType>String</PromotionType>
                        <PromotionId>String</PromotionId>
                        <PromotionAmount>
                        <CurrencyCode>String</CurrencyCode>
                        <CurrencyAmount>100</CurrencyAmount>
                        </PromotionAmount>
                        </Promotion>
                        </PromotionAdjustmentList>
                        <CostOfPointsGranted>
                        <CurrencyCode>String</CurrencyCode>
                        <CurrencyAmount>100</CurrencyAmount>
                        </CostOfPointsGranted>
                        <CostOfPointsReturned>
                        <CurrencyCode>String</CurrencyCode>
                        <CurrencyAmount>100</CurrencyAmount>
                        </CostOfPointsReturned>
                        </ShipmentItem>
                    </ShipmentItemAdjustmentList>
                </ShipmentEvent>
            </RefundEventList>
            <GuaranteeClaimEventList>
                <ShipmentEvent>
                    <AmazonOrderId>String</AmazonOrderId>
                    <SellerOrderId>String</SellerOrderId>
                    <MarketplaceName>String</MarketplaceName>
                    <OrderChargeList>
                        <ChargeComponent>
                        <ChargeType>String</ChargeType>
                        <ChargeAmount>
                        <CurrencyCode>String</CurrencyCode>
                        <CurrencyAmount>100</CurrencyAmount>
                        </ChargeAmount>
                        </ChargeComponent>
                    </OrderChargeList>
                    <OrderChargeAdjustmentList>
                        <ChargeComponent>
                        <ChargeType>String</ChargeType>
                        <ChargeAmount>
                        <CurrencyCode>String</CurrencyCode>
                        <CurrencyAmount>100</CurrencyAmount>
                        </ChargeAmount>
                        </ChargeComponent>
                    </OrderChargeAdjustmentList>
                    <ShipmentFeeList>
                        <FeeComponent>
                        <FeeType>String</FeeType>
                        <FeeAmount>
                        <CurrencyCode>String</CurrencyCode>
                        <CurrencyAmount>100</CurrencyAmount>
                        </FeeAmount>
                        </FeeComponent>
                    </ShipmentFeeList>
                    <ShipmentFeeAdjustmentList>
                        <FeeComponent>
                        <FeeType>String</FeeType>
                        <FeeAmount>
                        <CurrencyCode>String</CurrencyCode>
                        <CurrencyAmount>100</CurrencyAmount>
                        </FeeAmount>
                        </FeeComponent>
                    </ShipmentFeeAdjustmentList>
                    <OrderFeeList>
                        <FeeComponent>
                        <FeeType>String</FeeType>
                        <FeeAmount>
                        <CurrencyCode>String</CurrencyCode>
                        <CurrencyAmount>100</CurrencyAmount>
                        </FeeAmount>
                        </FeeComponent>
                    </OrderFeeList>
                    <OrderFeeAdjustmentList>
                        <FeeComponent>
                        <FeeType>String</FeeType>
                        <FeeAmount>
                        <CurrencyCode>String</CurrencyCode>
                        <CurrencyAmount>100</CurrencyAmount>
                        </FeeAmount>
                        </FeeComponent>
                    </OrderFeeAdjustmentList>
                    <DirectPaymentList>
                        <DirectPayment>
                        <DirectPaymentType>String</DirectPaymentType>
                        <DirectPaymentAmount>
                        <CurrencyCode>String</CurrencyCode>
                        <CurrencyAmount>100</CurrencyAmount>
                        </DirectPaymentAmount>
                        </DirectPayment>
                    </DirectPaymentList>
                    <PostedDate>1969-07-21T02:56:03Z</PostedDate>
                    <ShipmentItemList>
                        <ShipmentItem>
                        <SellerSKU>String</SellerSKU>
                        <OrderItemId>String</OrderItemId>
                        <OrderAdjustmentItemId>String</OrderAdjustmentItemId>
                        <QuantityShipped>1</QuantityShipped>
                        <ItemChargeList>
                        <ChargeComponent>
                        <ChargeType>String</ChargeType>
                        <ChargeAmount>
                        <CurrencyCode>String</CurrencyCode>
                        <CurrencyAmount>100</CurrencyAmount>
                        </ChargeAmount>
                        </ChargeComponent>
                        </ItemChargeList>
                        <ItemChargeAdjustmentList>
                        <ChargeComponent>
                        <ChargeType>String</ChargeType>
                        <ChargeAmount>
                        <CurrencyCode>String</CurrencyCode>
                        <CurrencyAmount>100</CurrencyAmount>
                        </ChargeAmount>
                        </ChargeComponent>
                        </ItemChargeAdjustmentList>
                        <ItemFeeList>
                        <FeeComponent>
                        <FeeType>String</FeeType>
                        <FeeAmount>
                        <CurrencyCode>String</CurrencyCode>
                        <CurrencyAmount>100</CurrencyAmount>
                        </FeeAmount>
                        </FeeComponent>
                        </ItemFeeList>
                        <ItemFeeAdjustmentList>
                        <FeeComponent>
                        <FeeType>String</FeeType>
                        <FeeAmount>
                        <CurrencyCode>String</CurrencyCode>
                        <CurrencyAmount>100</CurrencyAmount>
                        </FeeAmount>
                        </FeeComponent>
                        </ItemFeeAdjustmentList>
                        <PromotionList>
                        <Promotion>
                        <PromotionType>String</PromotionType>
                        <PromotionId>String</PromotionId>
                        <PromotionAmount>
                        <CurrencyCode>String</CurrencyCode>
                        <CurrencyAmount>100</CurrencyAmount>
                        </PromotionAmount>
                        </Promotion>
                        </PromotionList>
                        <PromotionAdjustmentList>
                        <Promotion>
                        <PromotionType>String</PromotionType>
                        <PromotionId>String</PromotionId>
                        <PromotionAmount>
                        <CurrencyCode>String</CurrencyCode>
                        <CurrencyAmount>100</CurrencyAmount>
                        </PromotionAmount>
                        </Promotion>
                        </PromotionAdjustmentList>
                        <CostOfPointsGranted>
                        <CurrencyCode>String</CurrencyCode>
                        <CurrencyAmount>100</CurrencyAmount>
                        </CostOfPointsGranted>
                        <CostOfPointsReturned>
                        <CurrencyCode>String</CurrencyCode>
                        <CurrencyAmount>100</CurrencyAmount>
                        </CostOfPointsReturned>
                        </ShipmentItem>
                    </ShipmentItemList>
                    <ShipmentItemAdjustmentList>
                        <ShipmentItem>
                        <SellerSKU>String</SellerSKU>
                        <OrderItemId>String</OrderItemId>
                        <OrderAdjustmentItemId>String</OrderAdjustmentItemId>
                        <QuantityShipped>1</QuantityShipped>
                        <ItemChargeList>
                        <ChargeComponent>
                        <ChargeType>String</ChargeType>
                        <ChargeAmount>
                        <CurrencyCode>String</CurrencyCode>
                        <CurrencyAmount>100</CurrencyAmount>
                        </ChargeAmount>
                        </ChargeComponent>
                        </ItemChargeList>
                        <ItemChargeAdjustmentList>
                        <ChargeComponent>
                        <ChargeType>String</ChargeType>
                        <ChargeAmount>
                        <CurrencyCode>String</CurrencyCode>
                        <CurrencyAmount>100</CurrencyAmount>
                        </ChargeAmount>
                        </ChargeComponent>
                        </ItemChargeAdjustmentList>
                        <ItemFeeList>
                        <FeeComponent>
                        <FeeType>String</FeeType>
                        <FeeAmount>
                        <CurrencyCode>String</CurrencyCode>
                        <CurrencyAmount>100</CurrencyAmount>
                        </FeeAmount>
                        </FeeComponent>
                        </ItemFeeList>
                        <ItemFeeAdjustmentList>
                        <FeeComponent>
                        <FeeType>String</FeeType>
                        <FeeAmount>
                        <CurrencyCode>String</CurrencyCode>
                        <CurrencyAmount>100</CurrencyAmount>
                        </FeeAmount>
                        </FeeComponent>
                        </ItemFeeAdjustmentList>
                        <PromotionList>
                        <Promotion>
                        <PromotionType>String</PromotionType>
                        <PromotionId>String</PromotionId>
                        <PromotionAmount>
                        <CurrencyCode>String</CurrencyCode>
                        <CurrencyAmount>100</CurrencyAmount>
                        </PromotionAmount>
                        </Promotion>
                        </PromotionList>
                        <PromotionAdjustmentList>
                        <Promotion>
                        <PromotionType>String</PromotionType>
                        <PromotionId>String</PromotionId>
                        <PromotionAmount>
                        <CurrencyCode>String</CurrencyCode>
                        <CurrencyAmount>100</CurrencyAmount>
                        </PromotionAmount>
                        </Promotion>
                        </PromotionAdjustmentList>
                        <CostOfPointsGranted>
                        <CurrencyCode>String</CurrencyCode>
                        <CurrencyAmount>100</CurrencyAmount>
                        </CostOfPointsGranted>
                        <CostOfPointsReturned>
                        <CurrencyCode>String</CurrencyCode>
                        <CurrencyAmount>100</CurrencyAmount>
                        </CostOfPointsReturned>
                        </ShipmentItem>
                    </ShipmentItemAdjustmentList>
                </ShipmentEvent>
            </GuaranteeClaimEventList>
            <ChargebackEventList>
                <ShipmentEvent>
                    <AmazonOrderId>String</AmazonOrderId>
                    <SellerOrderId>String</SellerOrderId>
                    <MarketplaceName>String</MarketplaceName>
                    <OrderChargeList>
                        <ChargeComponent>
                        <ChargeType>String</ChargeType>
                        <ChargeAmount>
                        <CurrencyCode>String</CurrencyCode>
                        <CurrencyAmount>100</CurrencyAmount>
                        </ChargeAmount>
                        </ChargeComponent>
                    </OrderChargeList>
                    <OrderChargeAdjustmentList>
                        <ChargeComponent>
                        <ChargeType>String</ChargeType>
                        <ChargeAmount>
                        <CurrencyCode>String</CurrencyCode>
                        <CurrencyAmount>100</CurrencyAmount>
                        </ChargeAmount>
                        </ChargeComponent>
                    </OrderChargeAdjustmentList>
                    <ShipmentFeeList>
                        <FeeComponent>
                        <FeeType>String</FeeType>
                        <FeeAmount>
                        <CurrencyCode>String</CurrencyCode>
                        <CurrencyAmount>100</CurrencyAmount>
                        </FeeAmount>
                        </FeeComponent>
                    </ShipmentFeeList>
                    <ShipmentFeeAdjustmentList>
                        <FeeComponent>
                        <FeeType>String</FeeType>
                        <FeeAmount>
                        <CurrencyCode>String</CurrencyCode>
                        <CurrencyAmount>100</CurrencyAmount>
                        </FeeAmount>
                        </FeeComponent>
                    </ShipmentFeeAdjustmentList>
                    <OrderFeeList>
                        <FeeComponent>
                        <FeeType>String</FeeType>
                        <FeeAmount>
                        <CurrencyCode>String</CurrencyCode>
                        <CurrencyAmount>100</CurrencyAmount>
                        </FeeAmount>
                        </FeeComponent>
                    </OrderFeeList>
                    <OrderFeeAdjustmentList>
                        <FeeComponent>
                        <FeeType>String</FeeType>
                        <FeeAmount>
                        <CurrencyCode>String</CurrencyCode>
                        <CurrencyAmount>100</CurrencyAmount>
                        </FeeAmount>
                        </FeeComponent>
                    </OrderFeeAdjustmentList>
                    <DirectPaymentList>
                        <DirectPayment>
                        <DirectPaymentType>String</DirectPaymentType>
                        <DirectPaymentAmount>
                        <CurrencyCode>String</CurrencyCode>
                        <CurrencyAmount>100</CurrencyAmount>
                        </DirectPaymentAmount>
                        </DirectPayment>
                    </DirectPaymentList>
                    <PostedDate>1969-07-21T02:56:03Z</PostedDate>
                    <ShipmentItemList>
                        <ShipmentItem>
                        <SellerSKU>String</SellerSKU>
                        <OrderItemId>String</OrderItemId>
                        <OrderAdjustmentItemId>String</OrderAdjustmentItemId>
                        <QuantityShipped>1</QuantityShipped>
                        <ItemChargeList>
                        <ChargeComponent>
                        <ChargeType>String</ChargeType>
                        <ChargeAmount>
                        <CurrencyCode>String</CurrencyCode>
                        <CurrencyAmount>100</CurrencyAmount>
                        </ChargeAmount>
                        </ChargeComponent>
                        </ItemChargeList>
                        <ItemChargeAdjustmentList>
                        <ChargeComponent>
                        <ChargeType>String</ChargeType>
                        <ChargeAmount>
                        <CurrencyCode>String</CurrencyCode>
                        <CurrencyAmount>100</CurrencyAmount>
                        </ChargeAmount>
                        </ChargeComponent>
                        </ItemChargeAdjustmentList>
                        <ItemFeeList>
                        <FeeComponent>
                        <FeeType>String</FeeType>
                        <FeeAmount>
                        <CurrencyCode>String</CurrencyCode>
                        <CurrencyAmount>100</CurrencyAmount>
                        </FeeAmount>
                        </FeeComponent>
                        </ItemFeeList>
                        <ItemFeeAdjustmentList>
                        <FeeComponent>
                        <FeeType>String</FeeType>
                        <FeeAmount>
                        <CurrencyCode>String</CurrencyCode>
                        <CurrencyAmount>100</CurrencyAmount>
                        </FeeAmount>
                        </FeeComponent>
                        </ItemFeeAdjustmentList>
                        <PromotionList>
                        <Promotion>
                        <PromotionType>String</PromotionType>
                        <PromotionId>String</PromotionId>
                        <PromotionAmount>
                        <CurrencyCode>String</CurrencyCode>
                        <CurrencyAmount>100</CurrencyAmount>
                        </PromotionAmount>
                        </Promotion>
                        </PromotionList>
                        <PromotionAdjustmentList>
                        <Promotion>
                        <PromotionType>String</PromotionType>
                        <PromotionId>String</PromotionId>
                        <PromotionAmount>
                        <CurrencyCode>String</CurrencyCode>
                        <CurrencyAmount>100</CurrencyAmount>
                        </PromotionAmount>
                        </Promotion>
                        </PromotionAdjustmentList>
                        <CostOfPointsGranted>
                        <CurrencyCode>String</CurrencyCode>
                        <CurrencyAmount>100</CurrencyAmount>
                        </CostOfPointsGranted>
                        <CostOfPointsReturned>
                        <CurrencyCode>String</CurrencyCode>
                        <CurrencyAmount>100</CurrencyAmount>
                        </CostOfPointsReturned>
                        </ShipmentItem>
                    </ShipmentItemList>
                    <ShipmentItemAdjustmentList>
                        <ShipmentItem>
                        <SellerSKU>String</SellerSKU>
                        <OrderItemId>String</OrderItemId>
                        <OrderAdjustmentItemId>String</OrderAdjustmentItemId>
                        <QuantityShipped>1</QuantityShipped>
                        <ItemChargeList>
                        <ChargeComponent>
                        <ChargeType>String</ChargeType>
                        <ChargeAmount>
                        <CurrencyCode>String</CurrencyCode>
                        <CurrencyAmount>100</CurrencyAmount>
                        </ChargeAmount>
                        </ChargeComponent>
                        </ItemChargeList>
                        <ItemChargeAdjustmentList>
                        <ChargeComponent>
                        <ChargeType>String</ChargeType>
                        <ChargeAmount>
                        <CurrencyCode>String</CurrencyCode>
                        <CurrencyAmount>100</CurrencyAmount>
                        </ChargeAmount>
                        </ChargeComponent>
                        </ItemChargeAdjustmentList>
                        <ItemFeeList>
                        <FeeComponent>
                        <FeeType>String</FeeType>
                        <FeeAmount>
                        <CurrencyCode>String</CurrencyCode>
                        <CurrencyAmount>100</CurrencyAmount>
                        </FeeAmount>
                        </FeeComponent>
                        </ItemFeeList>
                        <ItemFeeAdjustmentList>
                        <FeeComponent>
                        <FeeType>String</FeeType>
                        <FeeAmount>
                        <CurrencyCode>String</CurrencyCode>
                        <CurrencyAmount>100</CurrencyAmount>
                        </FeeAmount>
                        </FeeComponent>
                        </ItemFeeAdjustmentList>
                        <PromotionList>
                        <Promotion>
                        <PromotionType>String</PromotionType>
                        <PromotionId>String</PromotionId>
                        <PromotionAmount>
                        <CurrencyCode>String</CurrencyCode>
                        <CurrencyAmount>100</CurrencyAmount>
                        </PromotionAmount>
                        </Promotion>
                        </PromotionList>
                        <PromotionAdjustmentList>
                        <Promotion>
                        <PromotionType>String</PromotionType>
                        <PromotionId>String</PromotionId>
                        <PromotionAmount>
                        <CurrencyCode>String</CurrencyCode>
                        <CurrencyAmount>100</CurrencyAmount>
                        </PromotionAmount>
                        </Promotion>
                        </PromotionAdjustmentList>
                        <CostOfPointsGranted>
                        <CurrencyCode>String</CurrencyCode>
                        <CurrencyAmount>100</CurrencyAmount>
                        </CostOfPointsGranted>
                        <CostOfPointsReturned>
                        <CurrencyCode>String</CurrencyCode>
                        <CurrencyAmount>100</CurrencyAmount>
                        </CostOfPointsReturned>
                        </ShipmentItem>
                    </ShipmentItemAdjustmentList>
                </ShipmentEvent>
            </ChargebackEventList>
            <PayWithAmazonEventList>
                <PayWithAmazonEvent>
                    <SellerOrderId>String</SellerOrderId>
                    <TransactionPostedDate>1969-07-21T02:56:03Z</TransactionPostedDate>
                    <BusinessObjectType>String</BusinessObjectType>
                    <SalesChannel>String</SalesChannel>
                    <Charge>
                        <ChargeType>String</ChargeType>
                        <ChargeAmount>
                        <CurrencyCode>String</CurrencyCode>
                        <CurrencyAmount>100</CurrencyAmount>
                        </ChargeAmount>
                    </Charge>
                    <FeeList>
                        <FeeComponent>
                        <FeeType>String</FeeType>
                        <FeeAmount>
                        <CurrencyCode>String</CurrencyCode>
                        <CurrencyAmount>100</CurrencyAmount>
                        </FeeAmount>
                        </FeeComponent>
                    </FeeList>
                    <PaymentAmountType>String</PaymentAmountType>
                    <AmountDescription>String</AmountDescription>
                    <FulfillmentChannel>String</FulfillmentChannel>
                    <StoreName>String</StoreName>
                </PayWithAmazonEvent>
            </PayWithAmazonEventList>
            <ServiceProviderCreditEventList>
                <SolutionProviderCreditEvent>
                    <ProviderTransactionType>String</ProviderTransactionType>
                    <SellerOrderId>String</SellerOrderId>
                    <MarketplaceId>String</MarketplaceId>
                    <MarketplaceCountryCode>String</MarketplaceCountryCode>
                    <SellerId>String</SellerId>
                    <SellerStoreName>String</SellerStoreName>
                    <ProviderId>String</ProviderId>
                    <ProviderStoreName>String</ProviderStoreName>
                </SolutionProviderCreditEvent>
            </ServiceProviderCreditEventList>
            <RetrochargeEventList>
                <RetrochargeEvent>
                    <RetrochargeEventType>String</RetrochargeEventType>
                    <AmazonOrderId>String</AmazonOrderId>
                    <PostedDate>1969-07-21T02:56:03Z</PostedDate>
                    <BaseTax>
                        <CurrencyCode>String</CurrencyCode>
                        <CurrencyAmount>100</CurrencyAmount>
                    </BaseTax>
                    <ShippingTax>
                        <CurrencyCode>String</CurrencyCode>
                        <CurrencyAmount>100</CurrencyAmount>
                    </ShippingTax>
                    <MarketplaceName>String</MarketplaceName>
                </RetrochargeEvent>
            </RetrochargeEventList>
            <RentalTransactionEventList>
                <RentalTransactionEvent>
                    <AmazonOrderId>String</AmazonOrderId>
                    <RentalEventType>String</RentalEventType>
                    <ExtensionLength>1</ExtensionLength>
                    <PostedDate>1969-07-21T02:56:03Z</PostedDate>
                    <RentalChargeList>
                        <ChargeComponent>
                        <ChargeType>String</ChargeType>
                        <ChargeAmount>
                        <CurrencyCode>String</CurrencyCode>
                        <CurrencyAmount>100</CurrencyAmount>
                        </ChargeAmount>
                        </ChargeComponent>
                    </RentalChargeList>
                    <RentalFeeList>
                        <FeeComponent>
                        <FeeType>String</FeeType>
                        <FeeAmount>
                        <CurrencyCode>String</CurrencyCode>
                        <CurrencyAmount>100</CurrencyAmount>
                        </FeeAmount>
                        </FeeComponent>
                    </RentalFeeList>
                    <MarketplaceName>String</MarketplaceName>
                    <RentalInitialValue>
                        <CurrencyCode>String</CurrencyCode>
                        <CurrencyAmount>100</CurrencyAmount>
                    </RentalInitialValue>
                    <RentalReimbursement>
                        <CurrencyCode>String</CurrencyCode>
                        <CurrencyAmount>100</CurrencyAmount>
                    </RentalReimbursement>
                </RentalTransactionEvent>
            </RentalTransactionEventList>
            <PerformanceBondRefundEventList>
                <PerformanceBondRefundEvent>
                    <MarketplaceCountryCode>String</MarketplaceCountryCode>
                    <Amount>
                        <CurrencyCode>String</CurrencyCode>
                        <CurrencyAmount>100</CurrencyAmount>
                    </Amount>
                    <ProductGroupList>
                        <ProductGroup>String</ProductGroup>
                    </ProductGroupList>
                </PerformanceBondRefundEvent>
            </PerformanceBondRefundEventList>
            <ServiceFeeEventList>
                <ServiceFeeEvent>
                    <AmazonOrderId>String</AmazonOrderId>
                    <FeeReason>String</FeeReason>
                    <FeeList>
                        <FeeComponent>
                        <FeeType>String</FeeType>
                        <FeeAmount>
                        <CurrencyCode>String</CurrencyCode>
                        <CurrencyAmount>100</CurrencyAmount>
                        </FeeAmount>
                        </FeeComponent>
                    </FeeList>
                    <SellerSKU>String</SellerSKU>
                    <FnSKU>String</FnSKU>
                    <FeeDescription>String</FeeDescription>
                    <ASIN>String</ASIN>
                </ServiceFeeEvent>
            </ServiceFeeEventList>
            <DebtRecoveryEventList>
                <DebtRecoveryEvent>
                    <DebtRecoveryType>String</DebtRecoveryType>
                    <RecoveryAmount>
                        <CurrencyCode>String</CurrencyCode>
                        <CurrencyAmount>100</CurrencyAmount>
                    </RecoveryAmount>
                    <OverPaymentCredit>
                        <CurrencyCode>String</CurrencyCode>
                        <CurrencyAmount>100</CurrencyAmount>
                    </OverPaymentCredit>
                    <DebtRecoveryItemList>
                        <DebtRecoveryItem>
                        <RecoveryAmount>
                        <CurrencyCode>String</CurrencyCode>
                        <CurrencyAmount>100</CurrencyAmount>
                        </RecoveryAmount>
                        <OriginalAmount>
                        <CurrencyCode>String</CurrencyCode>
                        <CurrencyAmount>100</CurrencyAmount>
                        </OriginalAmount>
                        <GroupBeginDate>1969-07-21T02:56:03Z</GroupBeginDate>
                        <GroupEndDate>1969-07-21T02:56:03Z</GroupEndDate>
                        </DebtRecoveryItem>
                    </DebtRecoveryItemList>
                    <ChargeInstrumentList>
                        <ChargeInstrument>
                        <Description>String</Description>
                        <Tail>String</Tail>
                        <Amount>
                        <CurrencyCode>String</CurrencyCode>
                        <CurrencyAmount>100</CurrencyAmount>
                        </Amount>
                        </ChargeInstrument>
                    </ChargeInstrumentList>
                </DebtRecoveryEvent>
            </DebtRecoveryEventList>
            <LoanServicingEventList>
                <LoanServicingEvent>
                    <LoanAmount>
                        <CurrencyCode>String</CurrencyCode>
                        <CurrencyAmount>100</CurrencyAmount>
                    </LoanAmount>
                    <SourceBusinessEventType>String</SourceBusinessEventType>
                </LoanServicingEvent>
            </LoanServicingEventList>
            <AdjustmentEventList>
                <AdjustmentEvent>
                    <AdjustmentType>String</AdjustmentType>
                    <AdjustmentAmount>
                        <CurrencyCode>String</CurrencyCode>
                        <CurrencyAmount>100</CurrencyAmount>
                    </AdjustmentAmount>
                    <AdjustmentItemList>
                        <AdjustmentItem>
                        <Quantity>String</Quantity>
                        <PerUnitAmount>
                        <CurrencyCode>String</CurrencyCode>
                        <CurrencyAmount>100</CurrencyAmount>
                        </PerUnitAmount>
                        <TotalAmount>
                        <CurrencyCode>String</CurrencyCode>
                        <CurrencyAmount>100</CurrencyAmount>
                        </TotalAmount>
                        <SellerSKU>String</SellerSKU>
                        <FnSKU>String</FnSKU>
                        <ProductDescription>String</ProductDescription>
                        <ASIN>String</ASIN>
                        </AdjustmentItem>
                    </AdjustmentItemList>
                </AdjustmentEvent>
            </AdjustmentEventList>
        </FinancialEvents>
    </ListFinancialEventsByNextTokenResult>
   <ResponseMetadata>
        <RequestId>String</RequestId>
    </ResponseMetadata>
</ListFinancialEventsByNextTokenResponse>
